{
  "time": "13:07:05",
  "bid": 71508.15,
  "ask": 71508.16,
  "spread": 0.01,
  "mid": 71508.15,
  "imb": 0.7428,
  "bid_btc": 2.1088,
  "ask_btc": 0.73,
  "bids": [
    [
      71508.15,
      0.67178
    ],
    [
      71508.14,
      0.15404
    ],
    [
      71505.28,
      0.0402
    ],
    [
      71504.9,
      0.008
    ],
    [
      71504.89,
      0.32601
    ],
    [
      71504.88,
      0.08217
    ],
    [
      71504.11,
      0.0742
    ],
    [
      71504.0,
      0.008
    ],
    [
      71503.99,
      9e-05
    ],
    [
      71503.2,
      0.03458
    ],
    [
      71503.19,
      0.02823
    ],
    [
      71501.4,
      8e-05
    ],
    [
      71501.14,
      0.08536
    ],
    [
      71500.0,
      0.00217
    ],
    [
      71499.54,
      0.07214
    ],
    [
      71499.17,
      0.02783
    ],
    [
      71498.7,
      0.28011
    ],
    [
      71498.69,
      0.1666
    ],
    [
      71498.44,
      0.00018
    ],
    [
      71498.36,
      0.047
    ]
  ],
  "asks": [
    [
      71508.16,
      0.15562
    ],
    [
      71509.48,
      8e-05
    ],
    [
      71509.49,
      0.07777
    ],
    [
      71509.5,
      0.08582
    ],
    [
      71510.66,
      0.01131
    ],
    [
      71511.17,
      0.0742
    ],
    [
      71511.2,
      0.00011
    ],
    [
      71511.74,
      0.00559
    ],
    [
      71512.2,
      8e-05
    ],
    [
      71513.51,
      0.02843
    ],
    [
      71514.9,
      8e-05
    ],
    [
      71514.91,
      0.00213
    ],
    [
      71515.01,
      0.00011
    ],
    [
      71515.32,
      0.02644
    ],
    [
      71516.03,
      7e-05
    ],
    [
      71516.79,
      0.00882
    ],
    [
      71517.6,
      8e-05
    ],
    [
      71518.4,
      0.00011
    ],
    [
      71518.76,
      0.12318
    ],
    [
      71519.2,
      0.13
    ]
  ]
}